No.,Quantity,Comment,Designator,Footprint,Value,Manufacturer Part,Manufacturer,Supplier Part,Supplier,AliExpress links
1,2,100nF,"C1,C2",C0805,100nF,CC0805KRX7R9BB104,YAGEO(国巨),C49678,LCSC,https://www.aliexpress.us/item/2251832835333921.html?spm=a2g0o.cart.0.0.761b38daOQFvDB&mp=1&pdp_npi=6%40dis%21USD%21USD+3.32%21USD+3.32%21%21USD+3.32%21%21%21%402101e80f17914898115915387e0d56%2112000034351459838%21ct%21US%216315051454%21%211%210%21&gatewayAdapt=glo2usa
2,1,10uF,C3,C0805,10uF,CL21A106KAYNNNE,SAMSUNG(三星),C15850,LCSC,https://www.aliexpress.us/item/2251832835333921.html?spm=a2g0o.cart.0.0.761b38daOQFvDB&mp=1&pdp_npi=6%40dis%21USD%21USD+3.32%21USD+3.32%21%21USD+3.32%21%21%21%402101e80f17914898115915387e0d56%2112000034351459838%21ct%21US%216315051454%21%211%210%21&gatewayAdapt=glo2usa
3,1,22uF,C4,C0805,22uF,CGA0805X5R226M350MT,HRE(芯声),C6119901,LCSC,https://www.aliexpress.us/item/2251832835333921.html?spm=a2g0o.cart.0.0.761b38daOQFvDB&mp=1&pdp_npi=6%40dis%21USD%21USD+3.32%21USD+3.32%21%21USD+3.32%21%21%21%402101e80f17914898115915387e0d56%2112000034351459838%21ct%21US%216315051454%21%211%210%21&gatewayAdapt=glo2usa
4,1,10uF,C5,C0805,10uF,CL21A106KBYQNNE,SAMSUNG(三星),C2932476,LCSC,https://www.aliexpress.us/item/2251832835333921.html?spm=a2g0o.cart.0.0.761b38daOQFvDB&mp=1&pdp_npi=6%40dis%21USD%21USD+3.32%21USD+3.32%21%21USD+3.32%21%21%21%402101e80f17914898115915387e0d56%2112000034351459838%21ct%21US%216315051454%21%211%210%21&gatewayAdapt=glo2usa
5,2,100nF,"C6,C11",C0603,100nF,CC0805KRX7R9BB104,YAGEO(国巨),C49678,LCSC,https://www.aliexpress.us/item/2251832835333921.html?spm=a2g0o.cart.0.0.761b38daOQFvDB&mp=1&pdp_npi=6%40dis%21USD%21USD+3.32%21USD+3.32%21%21USD+3.32%21%21%21%402101e80f17914898115915387e0d56%2112000034351459838%21ct%21US%216315051454%21%211%210%21&gatewayAdapt=glo2usa
6,1,FPC-05F-40PH20,FPC1,FPC-SMD_40P-P0.50_FPC-05F-40PH20,,FPC-05F-40PH20,XUNPU(讯普),C2856812,LCSC,https://www.aliexpress.us/item/3256812318345505.html?spm=a2g0o.cart.0.0.761b38daOQFvDB&mp=1&pdp_npi=6%40dis%21USD%21USD+5.66%21USD+2.72%21%21USD+2.72%21%21%21%402101e80f17914898115915387e0d56%2112000058570034601%21ct%21US%216315051454%21%211%210%21&gatewayAdapt=glo2usa
7,3,5.1kΩ,"R1,R2,R6",R0603,5.1kΩ,0603WAF5101T5E,UNI-ROYAL(厚声),C23186,LCSC,https://www.aliexpress.us/item/3256811933609419.html?spm=a2g0o.cart.0.0.761b38daOQFvDB&mp=1&pdp_npi=6%40dis%21USD%21USD+5.19%21USD+2.59%21%21USD+2.59%21%21%21%402101e80f17914898115915387e0d56%2112000057549541349%21ct%21US%216315051454%21%211%210%21&gatewayAdapt=glo2usa
8,4,4.7kΩ,"R3,R4,R8,R9",R0603,4.7kΩ,0603WAF4701T5E,UNI-ROYAL(厚声),C23162,LCSC,https://www.aliexpress.us/item/3256811933609419.html?spm=a2g0o.cart.0.0.761b38daOQFvDB&mp=1&pdp_npi=6%40dis%21USD%21USD+5.19%21USD+2.59%21%21USD+2.59%21%21%21%402101e80f17914898115915387e0d56%2112000057549541349%21ct%21US%216315051454%21%211%210%21&gatewayAdapt=glo2usa
9,4,10kΩ,"R5,R7,R12,R13",R0603,10kΩ,SCR0603J10K,VO(翔胜),C3017715,LCSC,https://www.aliexpress.us/item/3256811933609419.html?spm=a2g0o.cart.0.0.761b38daOQFvDB&mp=1&pdp_npi=6%40dis%21USD%21USD+5.19%21USD+2.59%21%21USD+2.59%21%21%21%402101e80f17914898115915387e0d56%2112000057549541349%21ct%21US%216315051454%21%211%210%21&gatewayAdapt=glo2usa
10,2,HX-3x6x2.5-X SMD tact Switch,"SW1,SW2",SW-SMD_HX-3X6X2.5-X,,HX-3x6x2.5-X SMD tact Switch,hanxia(韩下),C49234125,LCSC,https://www.aliexpress.us/item/3256803956076777.html?spm=a2g0o.detail.0.0.6e7dLelKLelKZG&mp=1&pdp_npi=6%40dis%21USD%21USD+1.58%21USD+1.58%21%21USD+1.58%21%21%21%402101e80f17914905527987282e0d56%2112000028173491672%21ct%21US%216315051454%21%211%210%21&gatewayAdapt=glo2usa
11,1,TF-CARD H1.8,TF1,TF-SMD_TF-CARD-H1.8,,TF-CARD H1.8,SHOU HAN(首韩),C7529389,LCSC,https://www.aliexpress.us/item/3256813046919379.html?spm=a2g0o.cart.0.0.761b38daOQFvDB&mp=1&pdp_npi=6%40dis%21USD%21USD+3.22%21USD+3.22%21%21USD+3.22%21%21%21%402101e80f17914898115915387e0d56%2112000060561111989%21ct%21US%216315051454%21%211%210%21&gatewayAdapt=glo2usa
12,1,2.4GHz,U1,WIRELM-SMD_ESP32-S3-WROOM-1U,2.4GHz,ESP32-S3-WROOM-1U-N16,ESPRESSIF(乐鑫),C2980298,LCSC,https://www.aliexpress.us/item/3256805599889662.html?spm=a2g0o.cart.0.0.761b38daOQFvDB&mp=1&pdp_npi=6%40dis%21USD%21USD+8.50%21USD+8.50%21%21USD+8.50%21%21%21%402101e80f17914898115915387e0d56%2112000038216134854%21ct%21US%216315051454%21%211%210%21&gatewayAdapt=glo2usa
13,1,LD1117S33TR,U2,SOT-223_L6.5-W3.5-P2.30-LS7.0-BR,,LD1117S33TR,ST(意法半导体),C86781,LCSC,https://www.aliexpress.us/item/2251832820774962.html?spm=a2g0o.cart.0.0.761b38daOQFvDB&mp=1&pdp_npi=6%40dis%21USD%21USD+1.61%21USD+1.61%21%21USD+1.61%21%21%21%402101e80f17914898115915387e0d56%2112000040235039905%21ct%21US%216315051454%21%211%210%21&gatewayAdapt=glo2usa
14,1,MCP23017T-E/SS,U4,SSOP-28_L10.2-W5.3-P0.65-LS7.8-BL,,MCP23017T-E/SS,MICROCHIP(美国微芯),C558584,LCSC,https://www.aliexpress.us/item/3256812791682296.html?spm=a2g0o.cart.0.0.761b38daOQFvDB&mp=1&pdp_npi=6%40dis%21USD%21USD+4.28%21USD+4.28%21%21USD+3.69%21%21%21%402101e80f17914898115915387e0d56%2112000059960056101%21ct%21US%216315051454%21%211%210%21&gatewayAdapt=glo2usa
15,1,HC-FPC-0.5-6P-FH20,U6,FPC-SMD_6P-P0.50_HC-FPC-0.5-6P-FH20,,HC-FPC-0.5-6P-FH20,HC(虹成电子),C19273925,LCSC,https://www.aliexpress.us/item/3256812318345505.html?spm=a2g0o.cart.0.0.761b38daOQFvDB&mp=1&pdp_npi=6%40dis%21USD%21USD+5.66%21USD+2.72%21%21USD+2.72%21%21%21%402101e80f17914898115915387e0d56%2112000058570034601%21ct%21US%216315051454%21%211%210%21&gatewayAdapt=glo2usa
16,1,TYPE-C-31-M-12,USBC1,USB-C_SMD-TYPE-C-31-M-12_1,,TYPE-C-31-M-12,韩国韩荣,C165948,LCSC,https://www.aliexpress.us/item/3256805599889662.html?spm=a2g0o.cart.0.0.761b38daOQFvDB&mp=1&pdp_npi=6%40dis%21USD%21USD+8.50%21USD+8.50%21%21USD+8.50%21%21%21%402101e80f17914898115915387e0d56%2112000038216134854%21ct%21US%216315051454%21%211%210%21&gatewayAdapt=glo2usa
17,1,ST7789,FPC1 (sits inside),,,,,,,https://www.aliexpress.us/item/3256805323917526.html?spm=a2g0o.cart.0.0.761b38daOQFvDB&mp=1&pdp_npi=6%40dis%21USD%21USD+3.66%21USD+3.48%21%21USD+3.48%21%21%21%402101e80f17914898265116062e0d56%2112000033358139443%21ct%21US%216315051454%21%211%210%21&gatewayAdapt=glo2usa
18,1,2x10 Female Header pins,CONTROLLER PORT/GAME CART PORT,,,,,,,https://www.aliexpress.us/item/3256805557045362.html?spm=a2g0o.cart.0.0.761b38daOQFvDB&mp=1&pdp_npi=6%40dis%21USD%21USD+2.72%21USD+2.72%21%21USD+2.72%21%21%21%402101e80f17914898115915387e0d56%2112000034184286757%21ct%21US%216315051454%21%211%210%21&gatewayAdapt=glo2usa
,,,,,,,,,,
TOTAL SPENT FOR COMPONENTS (INCLUDING SHIPPING) ,,,,$59.85,,,,,,
"REMEMBER THAT THESE LISTINGS MIGHT BE TAKEN DOWN,",,,,,,,,,,
PRICES USUALLY STAY THE SAME THOUGH.,,,,,,,,,,