"Designator","Device","Footprint","Mid X","Mid Y","Ref X","Ref Y","Pad X","Pad Y","Pins","Layer","Rotation","SMD","Comment","Name"
"C1","CC0805KRX7R9BB104","C0805","7.239mm","-15.748mm","7.239mm","-15.748mm","6.239mm","-15.748mm","2","T","0","Yes","100nF","100nF"
"C2","CC0805KRX7R9BB104","C0805","20.358mm","-21.558mm","20.358mm","-21.558mm","20.358mm","-22.558mm","2","T","90","Yes","100nF","100nF"
"C3","CL21A106KAYNNNE_C15850","C0805","17.601mm","-16.097mm","17.601mm","-16.097mm","16.601mm","-16.097mm","2","T","0","Yes","10uF","10uF"
"C4","CGA0805X5R226M350MT","C0805","18.08mm","-26.622mm","18.08mm","-26.622mm","19.08mm","-26.622mm","2","T","180","Yes","22uF","22uF"
"C5","CL21A106KBYQNNE","C0805","17.145mm","-9.906mm","17.145mm","-9.906mm","18.145mm","-9.906mm","2","T","180","Yes","10uF","10uF"
"R1","0603WAF5101T5E","R0603","13.335mm","-26.543mm","13.335mm","-26.543mm","12.582mm","-26.543mm","2","T","0","Yes","5.1kΩ","5.1kΩ"
"R2","0603WAF5101T5E","R0603","13.462mm","-14.859mm","13.462mm","-14.859mm","14.215mm","-14.859mm","2","T","180","Yes","5.1kΩ","5.1kΩ"
"R6","0603WAF5101T5E","R0603","11.938mm","-9.017mm","11.938mm","-9.017mm","11.185mm","-9.017mm","2","T","0","Yes","5.1kΩ","5.1kΩ"
"SW1","HX-3x6x2.5-X SMD tact Switch","SW-SMD_HX-3X6X2.5-X","6.858mm","-12.065mm","6.858mm","-12.065mm","2.983mm","-12.065mm","2","T","0","Yes","HX-3x6x2.5-X SMD tact Switch","HX-3x6x2.5-X SMD tact Switch"
"SW2","HX-3x6x2.5-X SMD tact Switch","SW-SMD_HX-3X6X2.5-X","6.858mm","-5.715mm","6.858mm","-5.715mm","2.983mm","-5.715mm","2","T","0","Yes","HX-3x6x2.5-X SMD tact Switch","HX-3x6x2.5-X SMD tact Switch"
"U1","ESP32-S3-WROOM-1U-N16","WIRELM-SMD_ESP32-S3-WROOM-1U","33.935mm","-22.098mm","33.935mm","-22.098mm","25.185mm","-13.203mm","49","T","0","Yes","2.4GHz","2.4GHz"
"U2","LD1117S33TR","SOT-223_L6.5-W3.5-P2.30-LS7.0-BR","14.097mm","-21.336mm","14.097mm","-21.336mm","11.24mm","-19.036mm","4","T","180","Yes","LD1117S33TR","LD1117S33TR"
"USBC1","TYPE-C-31-M-12","USB-C_SMD-TYPE-C-31-M-12_1","5.08mm","-23.495mm","5.08mm","-23.495mm","6.786mm","-27.82mm","16","T","270","No","TYPE-C-31-M-12","TYPE-C-31-M-12"
"C11","CC0805KRX7R9BB104","C0603","18.288mm","-33.782mm","18.288mm","-33.782mm","17.588mm","-33.782mm","2","T","0","Yes","100nF","100nF"
"TF1","TF-CARD H1.8","TF-SMD_TF-CARD-H1.8","9.652mm","-40.386mm","9.652mm","-40.386mm","14.702mm","-42.636mm","13","T","270","Yes","TF-CARD H1.8","TF-CARD H1.8"
"FPC1","FPC-05F-40PH20","FPC-SMD_40P-P0.50_FPC-05F-40PH20","59.563mm","-24.027mm","59.563mm","-24.027mm","58.275mm","-33.777mm","42","T","90","Yes","FPC-05F-40PH20","FPC-05F-40PH20"
"R8","0603WAF4701T5E","R0603","54.864mm","-42.418mm","54.864mm","-42.418mm","55.617mm","-42.418mm","2","T","180","Yes","4.7kΩ","4.7kΩ"
"R9","0603WAF4701T5E","R0603","54.864mm","-44.069mm","54.864mm","-44.069mm","55.617mm","-44.069mm","2","T","180","Yes","4.7kΩ","4.7kΩ"
"U6","HC-FPC-0.5-6P-FH20","FPC-SMD_6P-P0.50_HC-FPC-0.5-6P-FH20","59.575mm","-43.561mm","59.575mm","-43.561mm","58.275mm","-42.311mm","8","B","270","Yes","HC-FPC-0.5-6P-FH20","HC-FPC-0.5-6P-FH20"
"R3","0603WAF4701T5E","R0603","42.308mm","-35.687mm","42.308mm","-35.687mm","41.555mm","-35.687mm","2","T","0","Yes","4.7kΩ","4.7kΩ"
"R4","0603WAF4701T5E","R0603","42.308mm","-33.559mm","42.308mm","-33.559mm","41.555mm","-33.559mm","2","T","0","Yes","4.7kΩ","4.7kΩ"
"U4","MCP23017T-E/SS","SSOP-28_L10.2-W5.3-P0.65-LS7.8-BL","33.602mm","-37.465mm","33.602mm","-37.465mm","29.377mm","-40.92mm","28","T","0","Yes","MCP23017T-E/SS","MCP23017T-E/SS"
"R5","SCR0603J10K","R0603","18.432mm","-40.583mm","18.432mm","-40.583mm","19.185mm","-40.583mm","2","T","180","Yes","10kΩ","10kΩ"
"R12","SCR0603J10K","R0603","18.305mm","-36.021mm","18.305mm","-36.021mm","19.058mm","-36.021mm","2","T","180","Yes","10kΩ","10kΩ"
"R13","SCR0603J10K","R0603","18.432mm","-38.238mm","18.432mm","-38.238mm","19.185mm","-38.238mm","2","T","180","Yes","10kΩ","10kΩ"
"C6","CC0805KRX7R9BB104","C0603","52.363mm","-17.593mm","52.363mm","-17.593mm","51.663mm","-17.593mm","2","T","0","Yes","100nF","100nF"
"R7","SCR0603J10K","R0603","52.31mm","-14.933mm","52.31mm","-14.933mm","53.063mm","-14.933mm","2","T","180","Yes","10kΩ","10kΩ"
